Id,Name,IsPersonAccount,AccountId,IsDeleted,MasterRecordId,LastName,FirstName,Salutation,OtherStreet,OtherCity,OtherState,OtherPostalCode,OtherCountry,OtherLatitude,OtherLongitude,OtherGeocodeAccuracy,OtherAddress,MailingStreet,MailingCity,MailingState,MailingPostalCode,MailingCountry,MailingLatitude,MailingLongitude,MailingGeocodeAccuracy,Phone,Fax,MobilePhone,HomePhone,OtherPhone,AssistantPhone,ReportsToId,Email,Title,Department,AssistantName,LeadSource,Birthdate,Description,CreatedDate,LastModifiedDate,SystemModstamp,LastActivityDate,LastCURequestDate,LastCUUpdateDate,LastViewedDate,LastReferencedDate,EmailBouncedReason,EmailBouncedDate,IsEmailBounced,PhotoUrl,Jigsaw,JigsawContactId,IndividualId,HealthCloudGA__Age__c,HealthCloudGA__BirthDate__c,HealthCloudGA__IndividualId__c,HealthCloudGA__IndividualType__c,HealthCloudGA__SourceSystemId__c,HealthCloudGA__MedicalRecordNumber__c,HealthCloudGA__SourceSystem__c,HealthCloudGA__CountryOfBirth__c,HealthCloudGA__Gender__c,HealthCloudGA__PreferredName__c,HealthCloudGA__PrimaryLanguage__c,HealthCloudGA__SecondaryLanguage__c,HealthCloudGA__DeceasedDate__c,HealthCloudGA__ConvertedReferrals__c,HealthCloudGA__ReferrerScore__c,HealthCloudGA__TotalReferrals__c,AlwaysTrue_c__c,Address_Text__c,ReportsTo.Name,Individual.Name
0033h0000096qbfAAA,Ben Green,false,0013h00000CyIR0AAN,false,,Green,Ben,,,,,,,,,,,,,,,,,,,,,,,,,,,,,,,,,2020-06-24T15:33:37.000+0000,2020-06-24T15:33:37.000+0000,2020-06-24T15:33:37.000+0000,,,,,,,,false,/services/images/photo/0033h0000096qbfAAA,,,,,,0011I00000CAubZQAT1512505487654,Individual,,,Health1-00D1I000003oKaz,,,,,,,,,,false,,,
0033h0000096qbaAAA,Shawna Green,false,0013h00000CyIQvAAN,false,,Green,Shawna,,,,,,,,,,,123 Mission St,San Francisco,,,USA,,,,,,,,,,,,,,,,1948-07-07,,2020-06-24T15:33:37.000+0000,2020-06-24T15:33:37.000+0000,2020-06-24T15:33:37.000+0000,2020-06-07,,,,,,,false,/services/images/photo/0033h0000096qbaAAA,,,,71 Years,"July 7, 1948",0013600000PBBfsAAH1466201091839,Individual,,2361124,Health1-00D36000001E03d,,,,,,,,,,false,"123 Mission St, San Francisco,",,
0033h0000096qbbAAA,David Morrison,false,0013h00000CyIQwAAN,false,,Morrison,David,,,,,,,,,,,,,,,,,,,,,,,,,,,,,,,1959-03-24,,2020-06-24T15:33:37.000+0000,2020-06-24T15:33:37.000+0000,2020-06-24T15:33:37.000+0000,2020-06-07,,,,,,,false,/services/images/photo/0033h0000096qbbAAA,,,,61 Years,"March 24, 1959",0013600000Pnt9KAAR1466440000420,Individual,,2365592,Health1-00D36000001E03d,,,,,,,,,,false,,,
0033h0000096qbcAAA,Jane Hamilton,false,0013h00000CyIQxAAN,false,,Hamilton,Jane,,,,,,,,,,,,,,,,,,,,,,,,,,,,,,,1956-08-20,,2020-06-24T15:33:37.000+0000,2020-06-24T15:33:37.000+0000,2020-06-24T15:33:37.000+0000,2020-06-07,,,,,,,false,/services/images/photo/0033h0000096qbcAAA,,,,63 Years,"August 20, 1956",0013600000S01WxAAJ1467993541834,Individual,,987-654321-7,Health1-00D36000001E03d,,,,,,,,,,false,,,
0033h0000096qbdAAA,Janet Campbell,false,0013h00000CyIQyAAN,false,,Campbell,Janet,,,,,,,,,,,,,,,,,,,,,,,,,,,,,,,1979-12-14,,2020-06-24T15:33:37.000+0000,2020-06-24T15:33:37.000+0000,2020-06-24T15:33:37.000+0000,2020-06-07,,,,,,,false,/services/images/photo/0033h0000096qbdAAA,,,,40 Years,"December 14, 1979",0013600000S01WyAAJ1467993541834,Individual,,987-654321-11,Health1-00D36000001E03d,,,,,,,,,,false,,,
0033h0000096qbeAAA,Charles Green,false,0013h00000CyIQzAAN,false,,Green,Charles,,,,,,,,,,,1 Market St,San Francisco,,94105,USA,,,,,,,,,,,trollings@salesforce.com,,,,,1963-09-27,,2020-06-24T15:33:37.000+0000,2020-06-24T15:33:37.000+0000,2020-06-24T15:33:37.000+0000,2020-06-07,,,,,,,false,/services/images/photo/0033h0000096qbeAAA,,,,56 Years,"September 27, 1963",0013600000Pnt9JAAR1466440000419,Individual,,2354422,Health1-00D36000001E03d,,,,,,,,,,true,"1 Market St, San Francisco, 94105",,
0033h0000096qbnAAA,Carol Peterson,false,0013h00000CyIR1AAN,false,,Peterson,Carol,,,,,,,,,,,,,,,,,,,,,,,,,,,,,,,,,2020-06-24T15:33:37.000+0000,2020-06-24T15:33:37.000+0000,2020-06-24T15:33:37.000+0000,,,,,,,,false,/services/images/photo/0033h0000096qbnAAA,,,,,,0013A00001ZWduYQAT1549597799582,Individual,,,Health1-00D1I000003oKaz,,,,,,,,,,false,,,
0033h0000096qboAAA,"Mina Patel, MD",false,0013h00000CyIR1AAN,false,,"Patel, MD",Mina,Dr.,,,,,,,,,,,,,,,,,,,,,,,,,,,,,,,,2020-06-24T15:33:37.000+0000,2020-06-24T15:33:37.000+0000,2020-06-24T15:33:37.000+0000,,,,,,,,false,/services/images/photo/0033h0000096qboAAA,,,,,,0013A00001ZWduYQAT1549597799582,Individual,,,Health1-00D1I000003oKaz,,,,,,,,,,false,,,
0033h0000096qbgAAA,"John Smith, MD",false,0013h00000CyIR1AAN,false,,"Smith, MD",John,Dr.,,,,,,,,,,,,,,,,,,,,,,,,,,,,,,,,2020-06-24T15:33:37.000+0000,2020-06-24T15:33:37.000+0000,2020-06-24T15:33:37.000+0000,,,,,,,,false,/services/images/photo/0033h0000096qbgAAA,,,,,,0013A00001ZWduYQAT1549597799582,Individual,,,Health1-00D1I000003oKaz,,,,,,,,,,false,,,
0033h0000096qbqAAA,Michael Grossman,false,0013h00000CyIR2AAN,false,,Grossman,Michael,,,,,,,,,,,,,,,,,,,,,,,,,,,,,,,,,2020-06-24T15:33:37.000+0000,2020-06-24T15:33:37.000+0000,2020-06-24T15:33:37.000+0000,,,,,,,,false,/services/images/photo/0033h0000096qbqAAA,,,,,,0013A00001ZWdudQAD1549597908932,Individual,,,Health1-00D1I000003oKaz,,,,,,,,,,false,,,
0033h0000096qbkAAA,Marla Kissinger,false,0013h00000CyIR2AAN,false,,Kissinger,Marla,Dr.,,,,,,,,,,,,,,,,,,,,,,,,,,,,,,,,2020-06-24T15:33:37.000+0000,2020-06-24T15:33:37.000+0000,2020-06-24T15:33:37.000+0000,,,,,,,,false,/services/images/photo/0033h0000096qbkAAA,,,,,,0013A00001ZWdudQAD1549597908932,Individual,,,Health1-00D1I000003oKaz,,,,,,,,,,false,,,
0033h0000096qbhAAA,Michael White,false,0013h00000CyIR2AAN,false,,White,Michael,Dr.,,,,,,,,,,,,,,,,,,,,,,,,,,,,,,,,2020-06-24T15:33:37.000+0000,2020-06-24T15:33:37.000+0000,2020-06-24T15:33:37.000+0000,,,,,,,,false,/services/images/photo/0033h0000096qbhAAA,,,,,,0013A00001ZWdudQAD1549597908932,Individual,,,Health1-00D1I000003oKaz,,,,,,,,,,false,,,
0033h0000096qbpAAA,"Tony Secemsky, MD",false,0013h00000CyIR2AAN,false,,"Secemsky, MD",Tony,,,,,,,,,,,,,,,,,,,,,,,,,,,,,,,,,2020-06-24T15:33:37.000+0000,2020-06-24T15:33:37.000+0000,2020-06-24T15:33:37.000+0000,,,,,,,,false,/services/images/photo/0033h0000096qbpAAA,,,,,,0013A00001ZWdudQAD1549597908932,Individual,,,Health1-00D1I000003oKaz,,,,,,,,,,false,,,
0033h0000096qbiAAA,Charles Manning,false,0013h00000CyIR3AAN,false,,Manning,Charles,,,,,,,,,,,,,,,,,,,,,,,,,,,,,,,,,2020-06-24T15:33:37.000+0000,2020-06-24T15:33:37.000+0000,2020-06-24T15:33:37.000+0000,,,,,,,,false,/services/images/photo/0033h0000096qbiAAA,,,,,,0013A00001ZWdusQAD1549600868908,Individual,,,Health1-00D1I000003oKaz,,,,,,,,,,false,,,
0033h0000096qbjAAA,George Michael,false,0013h00000CyIR4AAN,false,,Michael,George,,,,,,,,,,,,,,,,,,,,,,,,,,,,,,,,,2020-06-24T15:33:37.000+0000,2020-06-24T15:33:37.000+0000,2020-06-24T15:33:37.000+0000,,,,,,,,false,/services/images/photo/0033h0000096qbjAAA,,,,,,0013A00001ZWdv2QAD1549602281061,Individual,,,Health1-00D1I000003oKaz,,,,,,,,,,false,,,
0033h0000096qblAAA,Cara Owens,false,0013h00000CyIR5AAN,false,,Owens,Cara,,,,,,,,,,,,,,,,,,,,,,,,,,,,,,,,,2020-06-24T15:33:37.000+0000,2020-06-24T15:33:37.000+0000,2020-06-24T15:33:37.000+0000,,,,,,,,false,/services/images/photo/0033h0000096qblAAA,,,,,,0013A00001ZWdvCQAT1549602899275,Individual,,,Health1-00D1I000003oKaz,,,,,,,,,,false,,,
0033h0000096qbmAAA,Charles Manning,false,0013h00000CyIR6AAN,false,,Manning,Charles,,,,,,,,,,,,,,,,,,,,,,,,,,,,,,,,,2020-06-24T15:33:37.000+0000,2020-06-24T15:33:37.000+0000,2020-06-24T15:33:37.000+0000,,,,,,,,false,/services/images/photo/0033h0000096qbmAAA,,,,,,0013A00001ZWdvHQAT1549603154047,Individual,,,Health1-00D1I000003oKaz,,,,,,,,,,false,,,
0033h0000096qbrAAA,Bob Smith,false,0013h00000CyIR7AAN,false,,Smith,Bob,,,,,,,,,,,,,,,,,,,,,,,,,,,,,,,,,2020-06-24T15:33:37.000+0000,2020-06-24T15:33:37.000+0000,2020-06-24T15:33:37.000+0000,,,,,,,,false,/services/images/photo/0033h0000096qbrAAA,,,,,,0013A00001ZWdvWQAT1549606209645,Individual,,,Health1-00D1I000003oKaz,,,,,,,,,,false,,,
0033h0000096qbsAAA,Florence Canna,false,0013h00000CyIR8AAN,false,,Canna,Florence,,,,,,,,,,,,,,,,,,,,,,,,,,,,,,,,,2020-06-24T15:33:37.000+0000,2020-06-24T15:33:37.000+0000,2020-06-24T15:33:37.000+0000,,,,,,,,false,/services/images/photo/0033h0000096qbsAAA,,,,,,0013A00001ZWdvgQAD1549606247945,Individual,,,Health1-00D1I000003oKaz,,,,,,,,,,false,,,
0033h0000096qbtAAA,Sarah Loehr,false,0013h00000CyIR9AAN,false,,Loehr,Sarah,,,,,,,,,,,1 Jones Ave,New York,NY,10010,United States,,,,5555551212,,,,,,,info@salesforce.com,,,,,,,2020-06-24T15:33:37.000+0000,2020-06-24T15:33:37.000+0000,2020-06-24T15:33:37.000+0000,,,,,,,,false,/services/images/photo/0033h0000096qbtAAA,,,,,,0013A00001a13tQQAQ1551459207786,Individual,,,,,,,,,,,,,true,"1 Jones Ave, New York, NY, 10010",,
0033h0000096qbuAAA,Amy Huffman,false,0013h00000CyIRAAA3,false,,Huffman,Amy,Dr.,718 Glenview Ave,Highland Park,IL,60035-2432,USA,,,,[object Object],718 Glenview Ave,Highland Park,IL,60035-2432,USA,,,,(312) 555-1212,(408) 555-1277,(408) 555-1216,,,,,amyhuffman@gmail.com,,,,,,,2020-06-24T15:33:37.000+0000,2020-06-24T15:33:37.000+0000,2020-06-24T15:33:37.000+0000,,,,,,,,false,/services/images/photo/0033h0000096qbuAAA,,,,,,0013A00001avQ2fQAE1560287374789,Individual,,,Health1-00D1I000003oKaz,,,,,,,,,,true,"718 Glenview Ave, Highland Park, IL, 60035-2432",,
0033h0000096qbwAAA,Gayathri Satish,false,0013h00000CyIRBAA3,false,,Satish,Gayathri,Dr.,,,,,,,,,,50 Fremont Street,San Francisco,CA,94105,United States,,,,,,,,,,,,,,,,,,2020-06-24T15:33:37.000+0000,2020-06-24T15:33:37.000+0000,2020-06-24T15:33:37.000+0000,,,,,,,,false,/services/images/photo/0033h0000096qbwAAA,,,,,,,Individual,,,Health1-00D1I000003oKaz,,,,,,,,,,true,"50 Fremont Street, San Francisco, CA, 94105",,
0033h0000096qbvAAA,John Smith,false,0013h00000CyIRBAA3,false,,Smith,John,Dr.,,,,,,,,,,50 Fremont Street,San Francisco,CA,94105,United States,,,,,,,,,,,,,,,,,,2020-06-24T15:33:37.000+0000,2020-06-24T15:33:37.000+0000,2020-06-24T15:33:37.000+0000,,,,,,,,false,/services/images/photo/0033h0000096qbvAAA,,,,,,,Individual,,,Health1-00D1I000003oKaz,,,,,,,,,,true,"50 Fremont Street, San Francisco, CA, 94105",,
